Title,Category,Publisher,Description
"DevOps Dominion","Strategy","CodeForge Studios","In DevOps Dominion, strategic planning meets advanced deployment tactics in a fast-paced battlefield of code. Mona leads your team of digital warriors through orchestrated pipelines and microservice skirmishes, ensuring every command brings a competitive edge."
"Pipeline Conquest","Strategy","DevMasters Inc.","Pipeline Conquest challenges players to optimize continuous integration workflows while countering unforeseen system failures. With Mona by your side, organize automated builds and deployment pipelines in real time to secure lasting digital victory."
"Server Siege","Strategy","GitHub Games","Server Siege throws you into the midst of a digital fortress under siege by relentless cyber threats. As Mona rallies your defense, you'll coordinate load-balancers and version controls to fortify your network stronghold."
"Repo Rulers","Strategy","Ops Interactive","Repo Rulers demands razor-sharp tactics and agile repository management to dominate interconnected servers. Under Mona’s guidance, you'll enforce branch protections and manage pull requests in a high-stakes arena where precision is paramount."
"Code Puzzle Chronicles","Puzzle","CodeForge Studios","Code Puzzle Chronicles offers brain-teasing challenges that unravel cryptic algorithms and obscure debugging quests. Mona assists you through each twist, inviting coders to master logic puzzles inspired by real-world coding conundrums."
"Merge Conflict Mystery","Puzzle","DevMasters Inc.","Merge Conflict Mystery immerses you in a labyrinth of code merges where every puzzle piece is a potential breakthrough. With Mona helping decode errors, your task is to resolve conflicts and streamline integration across complex code branches."
"Bug Buster Brainteaser","Puzzle","GitHub Games","Bug Buster Brainteaser tests your analytical skills with clever puzzles that simulate real-world debugging adventures. Mona empowers you to track down elusive bugs, transforming each challenge into a rewarding quest for clarity and efficiency."
"Stack Trace Secrets","Puzzle","Ops Interactive","Stack Trace Secrets invites you to decrypt layered error logs and reveal hidden insights within your code. With guidance from Mona, every error message becomes a clue in the puzzle of perfecting your software architecture."
"Virtual Server Simulator","Simulation","CodeForge Studios","Virtual Server Simulator places you in a hyper-realistic data center where resource management is the key to survival. Mona guides you as you balance load distributions and optimize server performance in a dynamic virtual ecosystem."
"Container Chaos","Simulation","DevMasters Inc.","Container Chaos replicates the high-stakes environment of container orchestration where every command can either streamline or disrupt your systems. Mona's expert advice will help you navigate the wild world of Docker containers and scalable cloud services."
"Infrastructure Innovator","Simulation","GitHub Games","Infrastructure Innovator simulates a sprawling digital ecosystem that challenges you to build robust networks from scratch. With Mona’s strategic tips, you’ll design and implement systems that stand up to relentless virtual stress tests."
"Deployment Dynasty","Simulation","Ops Interactive","Deployment Dynasty enables you to craft and manage digital empires across complex simulated environments. Mona lends her expertise to help you master scaling, monitoring, and auto-healing routines to maintain your virtual dominion."
"Code Quest Odyssey","Adventure","CodeForge Studios","Code Quest Odyssey launches you on an epic journey through enchanted digital realms where coding skills are your passport to discovery. Accompanied by Mona, unravel ancient source codes and conquer challenges that blend narrative with technical ingenuity."
"Binary Frontier","Adventure","DevMasters Inc.","Binary Frontier transports you into an uncharted cyber-world where every innovative code unlocks a secret realm. Guided by Mona, explore vast digital landscapes and chart new territories in a narrative steeped in coding mystique."
"Digital Debugger's Dream","Adventure","GitHub Games","Digital Debugger's Dream pioneers an immersive adventure that merges investigative quests with real-life debugging scenarios. As Mona champions your journey, each step deepens the mystery behind a cybernetic riddle waiting to be resolved."
"Refactor Realms","Adventure","Ops Interactive","Refactor Realms beckons you into a world where systematic code improvement reshapes ancient digital civilizations. With Mona’s mentorship, transform legacy systems into streamlined masterpieces as you explore breathtaking virtual environments."
"Script Strike","Action","CodeForge Studios","Script Strike propels you into a fast-paced coding battleground where every keystroke could change the tide of an intense conflict. Mona rallies your forces as you dive into real-time challenges that merge reflexes with smart script execution."
"Terminal Turbulence","Action","DevMasters Inc.","Terminal Turbulence pits you against rapid-fire command line confrontations where timing and precision are of the essence. Let Mona’s digital savvy guide your response strategies as you navigate chaotic server environments in high-octane style."
"Repo Rampart","Action","GitHub Games","Repo Rampart immerses you in adrenaline-charged defense missions where every command must protect your precious codebases. With Mona leading your strategy, prevent intrusions and execute swift countermeasures in electrifying action sequences."
"Syntax Smashdown","Action","Ops Interactive","Syntax Smashdown offers an exhilarating arcade experience where rapid coding reflexes determine the outcome of explosive digital battles. Guided by the fearless Mona, your mission is to knock out glitches and secure the high-score in a realm where syntax is the ultimate weapon."
"Cloud Conqueror","Action","CodeForge Studios","Cloud Conqueror thrusts you into a high-stakes aerial battle against rogue cloud services. With Mona as your co-pilot, navigate through stormy skies and outmaneuver digital adversaries in a quest to reclaim control over your virtual domain."